Flow1,Flow2,Pressure,pH,Leak
2.5993428306022466,2.247823209132991,3.092617754753164,6.953838337694455,0
2.472347139765763,2.6835723894109553,3.190941664047013,6.932415769719183,0
2.6295377076201385,2.9244312394025265,2.860143242618086,6.951206337351134,0
2.804605971281605,2.7064930521102295,3.056296923669057,7.052682089830392,0
2.453169325055333,2.1961260068091972,2.9349357430878174,6.952530055558403,0
2.453172608610164,2.4031531854267496,2.9512874616235303,7.13161910324187,0
2.8158425631014783,2.7533822298373245,2.940760607576113,7.024665895044045,0
2.653486945830582,2.358466106876244,2.9136009230320186,7.009241806184744,0
2.4061051228130097,2.5887638856292456,3.004852162794483,6.957082110990939,0
2.608512008717193,2.6549268106858674,2.9169049883588962,7.03501549397045,0
2.4073164614375075,2.3146139056843835,3.0270456825779837,6.971218108688111,0
2.4068540492859487,2.48809492878764,2.994976189055086,7.006100490732268,0
2.548392454313207,1.8517465319861854,2.976105195313359,7.12800422691344,0
2.1173439510684404,2.295122471733142,2.9092436337958403,6.995197005013767,0
2.1550164334973934,2.449486369721368,2.942322866943167,7.057463666314284,0
2.3875424941518055,2.25044336360703,3.0755391225825757,6.964841178743706,0
2.2974337759331154,2.826482260786327,3.050091718762438,6.998250575475152,0
2.562849466519055,2.2139717244078736,2.902244475520145,7.0885400317817755,0
2.318395184895758,2.411991102660603,3.0099332305429227,6.968651647110612,0
2.2175392597329417,2.526148115457218,3.075138712337179,7.090622427899847,0
2.793129753784311,2.7882546578132232,2.833059471887863,7.0353875967727735,0
2.454844739902693,2.212827569764112,3.0543360192379936,6.971876661205287,0
2.5135056409375847,2.7326327504309917,2.933737624105415,7.031620386952776,0
2.215050362757309,2.5020466122039173,3.057059866859316,7.048627722481337,0
2.3911234550949634,2.30369826979041,2.9236740843457483,7.03109049811086,0
2.522184517941973,2.5924206948526543,2.8195117899335482,6.921488764005477,0
2.2698012845155393,2.539811939114694,2.8372457562116837,6.963643141208757,0
2.5751396036691343,2.379956624568241,3.0048084946661384,6.987624068222424,0
2.379872262016239,2.5139604169980037,3.025972250172148,6.996278328544998,0
2.441661250041345,2.422937280627648,2.909568337489559,7.031033604877534,0
2.3796586775541204,2.5227034690502497,3.0638592458777376,7.008885050046663,0
2.8704556369017875,2.6324261349042093,2.833847993773104,6.933232782064495,0
2.497300555052413,2.8172033632290705,2.993392020135268,7.019009892550298,0
2.28845781420882,2.2524369002346303,2.878898380023754,7.030529287264192,0
2.664508982420638,2.9266066749312536,2.934816389219784,7.027989522396552,0
2.2558312700057956,2.1095824400954997,3.0047398671316414,7.054039036277731,0
2.541772719000951,2.4696429809928833,2.913958663471605,7.041696107727446,0
2.108065975224045,2.6176634412969153,2.9615444455770175,7.022959003961422,0
2.234362790220314,2.5561983735470064,3.100629280921444,6.9964917144270675,0
2.5393722471738247,2.3754600960358814,2.942310813047685,6.9169519533242,0
2.6476933159990823,2.458375549928545,3.0835692112065143,7.02148091095663,0
2.534273656237994,2.4013998130682332,2.8870293145342383,7.010384384358155,0
2.476870343522352,2.382127048611158,3.0529804177915283,7.013578941859769,0
2.4397792608821423,2.669920419404205,3.14415686206579,6.9361625712089845,0
2.2042956019265145,2.5714030971930093,2.752835549987271,6.9459471729795865,0
2.3560311583210582,2.3614180809478693,2.920310474452952,7.052657642666645,0
2.4078722458080426,2.67991997508665,3.057707212718054,6.998022242307167,0
2.7114244452437832,2.561459904175322,2.9796954613957007,7.034075034868631,0
2.5687236579136923,2.662572423767792,3.037114587337131,7.001415918806523,0
2.147391968927453,2.6259257683847226,2.939601481328418,7.0014878069747875,0
2.564816793878959,2.3342009978155858,3.00865897874729,7.0469141902988,0
2.422983543916737,2.387963791960606,2.984432276460792,6.974197763589132,0
2.364615599938808,2.6494587210246525,3.116778206165981,7.004806038847049,0
2.6223352577681736,2.622074053086693,3.0254420843301215,6.976886235564748,0
2.70619990449919,2.4958196812071702,3.03376026620752,6.978275188628384,0
2.6862560238232396,2.5234654766617566,2.958812303387753,6.984541393826568,0
2.332156495355472,2.755532979157685,2.9512393775927506,7.011106688581686,0
2.438157524829757,2.381685722232834,2.956744181218038,6.976062568916826,0
2.5662526862807127,2.6094194762340077,3.03944521423783,7.062787806278676,0
2.695109025424472,2.459561469513221,2.9579015519179737,6.955269634889024,0
2.404165152430942,2.456463759354556,3.028977485689641,6.990656417791932,0
2.4628682046672368,2.719755370397438,3.2075400798645437,6.978013447086291,0
2.278733005198794,2.665083269797606,3.087112470343169,7.072348894217686,0
2.2607586751838658,2.6627019272001275,2.967397646783216,7.009827738825579,0
2.66250516447884,2.761095761430866,3.1201213922163946,7.0515922269734315,0
2.7712480057141646,2.5042007683265517,2.9591924626978447,6.925721981348151,0
2.485597975683933,2.6363905942589927,2.796187546482215,7.013352513293463,0
2.7007065795784047,2.437946648681309,2.8991913689082596,7.044481539781172,0
2.5723272050095267,2.5648332704976884,2.8129208078974144,7.004114199463771,0
2.3709760490789753,2.473971389126463,2.964848651595869,7.053274018753267,0
2.572279121101683,2.5193991929985438,3.0018418379189553,6.974135577494981,0
2.807607313293194,2.619031405087383,3.1676437312275283,7.070467372009279,0
2.4928347921780096,2.3363558633533055,3.0326927373764163,7.114944906180963,0
2.8129287311628013,2.9184774551370922,2.9780899471191136,6.981858071978017,0
1.976050979182051,2.2987965237000596,3.082940558118349,6.9777248739299615,0
2.664380500875045,2.2571622774424536,2.7788864690992114,7.072669223855885,0
2.517409413647634,2.7316221747000133,3.0235614558108566,7.078978607286536,0
2.4401985299068265,2.658332538792587,3.0770865193886965,6.973856998642336,0
2.5183521553071007,2.624823963410431,2.8521413754220157,6.978990659145207,0
2.1024862170798215,2.625669101852856,3.114375404320693,6.985910769556974,0
2.4560656224324977,2.497550645430617,3.0338496407494415,6.932777474448286,0
2.5714225143023492,2.3205491257028337,2.95847120860992,6.95406740267579,0
2.7955788089483034,2.5151609116387452,3.0632781866106287,6.949792961662396,0
2.3963459563452707,2.364567657697578,3.2270692857804395,6.961610121744793,0
2.3383012794213625,2.69502394668355,3.0181866255058494,6.998265755630661,0
2.3996485912830927,2.4705885236995724,3.0248220586300336,7.011710736626826,0
2.6830804235404146,2.334900560641498,2.9540639100459756,7.077525024640704,0
2.565750221931937,2.4357228316694015,2.9150155630535206,6.9500822979630605,0
2.3940479592465924,2.582586290855125,3.0830335816544245,7.0492161199238295,0
2.602653486622671,2.387255089439205,2.9143916174091133,6.989300557788725,0
2.5194155098696083,2.335555920886714,3.007156623721939,6.997526814517379,0
2.693728998106578,2.5487374422983824,2.9522342553234884,7.03374097460833,0
2.3595893812245294,2.5489933142217445,3.0478979825746393,6.943863898921885,0
2.434467570680446,2.398611364925774,3.033366210528695,7.019120487309203,0
2.4215783693735684,2.4057923388763354,3.10375399442579,7.008322610410652,0
2.2072970103735763,2.5464099874715274,2.9489983601145253,7.024622563200407,0
2.559224055412915,2.210383131700535,2.973012506470663,7.014458432195391,0
2.5522110544359777,2.2185072451246888,2.9021236284217693,7.122765006995545,0
2.501022691328492,2.3563111557495127,2.955570673992389,6.968113000787434,0
2.453082573324971,2.4573105696576305,3.037730049304485,6.973450152249909,0
2.216925851589917,2.562181513119601,3.0756988616645353,6.968842973678762,0
2.4158709354469283,2.7950712433899105,2.9077834675822376,6.972226144041987,0
2.431457096694646,2.671531924640404,3.086960592010566,6.968130643634674,0
2.3395445461556763,2.4680122940073144,3.1355637858804952,7.059450826555378,0
2.4677428576667984,2.496196758419462,3.04134349032237,7.071025212399492,0
2.5808101713629075,2.299494127072438,3.1876795812558067,6.9714626853125266,0
2.877237180242106,2.496297372801522,2.922621080089643,6.958382221344788,0
2.534915562566368,2.4422682722159723,2.875534529668858,7.02357077781932,0
2.551510078144553,2.5645437120676178,2.8221279751095723,6.972388847785951,0
2.4851108168467664,2.334553811289535,3.1496044311489184,7.031646590887775,0
2.1162457569401916,2.6038693028482345,3.0654365656354057,7.010146151042565,0
2.4946972249101567,2.8065477826005156,2.9944415329089544,6.924212794250138,0
2.512046041988205,2.4782479703086286,3.027996862631982,7.077375260066503,0
2.9926484224970573,2.580342344419788,2.8874510952701624,7.089793883654776,0
2.4615278070437756,2.6380287983422224,3.244575197961683,6.969360565475781,0
2.5603094684667225,2.4197559056228326,3.0129221181975225,6.980614922003201,0
2.4930576460589515,2.5448184963620832,3.010939479460489,7.014293269536245,0
2.2662643924760935,2.502518480156359,3.0725766623898694,7.0167228394993515,0
2.728564562903004,2.5195352197097662,3.0481009231736715,7.032927213633641,0
2.6503866065373547,2.3453980432289065,3.022388402427913,7.100510226938318,0
2.658206389408609,2.5049020348517885,2.920952554455469,6.991152638625297,0
2.318122509041052,2.59959965824909,3.0471468357136,6.960085137773078,0
2.78055886218722,2.7902287215590085,3.188202449647503,6.9310340385992735,0
2.219629787441544,2.6918541652170416,3.134542004615498,6.963453498002904,0
2.617371418760054,2.9306364915023115,3.1593186626639396,6.99834365135631,0
2.938091125161996,2.34653048742239,2.9488784323568815,7.08972789317589,0
2.3018927349738623,2.6744641273441356,2.9010395179741417,6.974119435048191,0
2.3867404540794457,2.5366684011476703,2.987421307990035,7.011189397581945,0
2.519930273017528,2.9379605866435345,3.0055724912288695,6.999178855196362,0
2.3993048691767602,2.3383403429289698,3.109419151847095,7.059419663672404,0
2.1898673137867735,2.3320556315638448,2.830753537028518,7.126346621293681,0
2.5137125949612056,2.3801214709111957,3.1529550319460613,6.973456561353984,0
2.287539257254779,2.0752208551380384,2.984199210142101,6.9755280278740885,0
2.5947184861270363,2.394848995663848,2.957311893005258,7.052208043853454,0
2.3161151531532393,2.3481734676892603,2.8987895624739832,7.0340945744813155,0
2.809986881003508,2.5300787572952417,2.834514332813423,7.092335366286802,0
2.3433493415327526,2.568351195155432,3.0823170583961916,7.029196409266298,0
2.4355876967588648,2.8752341678431774,3.0073317967188404,6.982035395460647,0
2.662703443473934,2.69008476763721,2.8710039100258946,7.029532741534616,0
2.253827136713209,2.384619268867519,2.8704921227936384,7.055435179029145,0
2.5454919869208257,2.3203170657303285,2.966421530070987,7.041024109059868,0
2.7614285508564858,2.598383834301301,3.166902152528939,7.0253637015553645,0
2.1785033530877547,2.2359533585958715,2.9740408648636394,7.053333734479458,0
2.5369267717064607,2.866291753170871,2.8496857046881896,7.058464779522284,0
2.5519765588496846,2.7358880241442574,2.9754256935914056,7.069107949551876,0
2.6563645743554622,2.406164869579059,2.972727643025233,7.032435494379482,0
2.2526098578243836,2.1573730941818243,2.730311335705843,6.9916440959841575,0
2.235908677383145,2.7707744748330825,2.994570513348219,7.007335684321666,0
2.6043883131233794,2.4770920309494766,2.9769065469791323,7.060325448325417,0
2.5593969346466374,2.747563262394692,3.069620636481342,6.9591532164506384,0
2.550098570069175,2.1811144682411268,3.1848956094945344,7.018433665443645,0
2.5692896418993953,2.3801249954092456,3.112656502954776,6.980333059383632,0
2.3639950556843017,2.5010487399436365,2.973111130944517,7.001437241146741,0
2.546450739432201,2.5093961187529485,2.889347409125833,7.063922593130365,0
2.5586144946597362,2.409986905704151,3.257335980324986,7.009554953400995,0
2.3571297163947262,2.6245699864694996,3.005921843401449,7.002321827407807,0
2.8731549022289515,2.286475914123481,3.0013929291912946,6.932007192951004,0
2.5947665841823575,2.4715241029957413,2.9975874912889995,7.037312678301361,0
2.26173930055947,2.52405912634238,3.0198084760767854,7.032274209057054,0
2.631310721726766,2.6028877668117496,2.9855639588076057,7.108162736165273,0
2.3050636659545356,2.6423229756177777,2.9426337993119764,6.9846110882523496,0
2.6574169207484903,2.2750715816324263,2.9453141058759607,7.010957516383197,0
2.731719115801481,2.1931771658528754,2.9967246729784,7.012469184185537,0
2.335863536329658,2.7555353643797016,2.9456575228866235,7.078872663988173,0
2.6926752258488644,2.566462802395918,2.9287154217322837,6.995235223380653,0
2.5825561853872996,2.350302692688689,3.0106430227691896,7.013951076288517,0
2.664412031998898,2.8102303951045045,2.9745022782579147,7.030394825485827,0
2.8793585965307895,2.523134926858572,3.150399298858269,7.009330456157818,0
2.4509223767994257,2.735859436812765,2.734903019160699,6.977678319272473,0
2.349252767128502,2.513503696282022,3.109150685192246,7.009704499644916,0
2.322097114074895,2.9121495849763974,3.124608519249763,7.053681587492989,0
2.336837943006912,2.851068168488641,2.7926609767591852,6.948674235029447,0
2.484579658117179,2.4502071703041852,2.965731240591965,7.006648483707344,0
2.568230394963329,2.694314190190871,2.962855913400421,6.964993959253041,0
2.555338159866004,2.6290751899170295,2.8592488305282178,7.0597523314462425,0
2.6654366498072046,2.77372631150647,2.9222183312409125,6.923840654760811,0
2.5026003783755812,2.307015307883979,2.888942415453417,6.972053907636421,0
2.7907068154314634,2.637210291999688,3.1752270443423622,7.018860593753226,0
2.447068633352409,2.7116848973699175,3.0935678393147463,7.078276201461717,0
3.0440338333179238,2.148252102715377,3.1271555094994157,6.99671248694635,0
2.6251334695530013,2.263348297466845,3.0721672064043237,6.97224002366534,0
2.3285684887167433,2.0921535644479796,2.887094822878277,7.094057853472029,0
2.2858215003877778,2.4461186331110882,2.9475479733720227,6.9275993049791875,0
2.596494483048637,2.6435084511591924,3.048937456122792,6.890059702168996,0
2.4553074429348296,2.8004714104192057,2.8777872191108056,7.022000722502667,0
2.6428000988184186,2.514818956083955,3.071299843017239,6.974897288782369,0
2.594647524914709,2.8257231091142585,2.9759674601841866,6.948938359143464,0
2.4854342174686255,2.223979708357022,2.96251791924504,7.035417822364968,0
2.330641256386319,2.159323512128969,3.071095996820349,7.01219003568856,0
2.197030555062827,2.4888904602206763,3.044426331148604,6.9717960684631635,0
2.410697009586596,2.5768130897878616,2.963903383418092,6.935984780066455,0
2.6712797588646944,2.4934610503811814,3.115932980336425,7.043622866414007,0
2.5428187488260408,2.086511579992025,2.8918936672400104,7.032510058897933,0
2.250852244257602,2.482175992097442,3.0615935606944262,6.995041206811031,0
2.5346361851702364,2.2391060998990295,3.0593101257968383,7.092331849802383,0
2.5770634759457676,2.6339345097660076,2.9690453560686008,6.946495761683693,0
2.3232285127597736,2.5733196492193695,3.032613302224212,6.923723741453763,0
2.5307450211891056,2.312024042734529,2.8748886423614697,6.9654045965059375,0
2.5116417436892,2.3972266165326612,3.0924027019206903,6.997720699182225,0
2.2714059404338753,2.28815729562221,2.981509786355701,7.012166972466135,0
2.5715574720696566,2.4874641805453654,2.947727697948096,6.987938197107184,0
2.612156905273647,2.6910284641002478,3.1049009225836888,7.017602769825714,0
2.7166102486350554,2.302854790732891,2.929565630945724,6.9374230287904775,0
2.7107604104069805,2.600809303103569,2.859153870363644,7.072188230203663,0
2.224466126408582,2.393948476325512,2.8443370826476095,6.995892441080372,0
2.3124349920169753,2.3414254335475313,3.060600995134564,7.055864791579406,0
2.6030070534417318,2.4785939280090883,2.871957064750372,7.017136267318885,0
2.602757190182442,2.292951535516125,3.1754794181984365,7.0228376609576895,0
2.6030095372612094,2.3892701389305637,2.791807059211628,7.0284883640116105,0
3.2705462981309443,2.2604244214822304,3.169645636829004,7.022385428000866,0
2.6141781021386334,2.892945026583278,3.021101746720262,7.032136137993377,0
2.7271131280361196,2.507052710394346,2.9903286888129608,7.0664576265066215,0
2.6908003526986404,2.360054898401483,2.945508091319105,7.009826058485073,0
2.6302782502611595,2.542795982146844,3.039913611435207,7.035450187879426,0
2.436946151071931,2.477534390061834,2.9962365297575153,6.995513215285639,0
2.6517938440986537,2.4558060800933554,3.1103301882016523,7.072005860772474,0
2.3454349570924857,2.622833340008685,3.0114227648662037,6.9661803848970365,0
2.4526362786519984,2.651501542009461,3.0150301761461877,7.090047021645541,0
2.4029272904341794,2.3938997704778946,2.9636387787786145,6.997992102467783,0
2.5163748278772644,2.384836351871064,2.9943054376278933,6.928461244894097,0
2.9629317133347017,2.444989660569671,3.030780176889206,7.006405220745539,0
2.12654696148165,2.039615767052883,2.8289831607343374,6.965947417126256,0
2.6372520380749025,2.1969617875602894,2.865181457789429,7.042032177449436,0
2.1774568257620697,2.773374853488905,3.0743264094022713,6.967368801034881,0
2.405613626842113,2.828993542700257,3.0170865438127943,6.977690828339261,0
2.7177901193934733,2.4501927920887243,2.9816016663647322,6.905522963452723,0
2.5128560038190924,2.615311392611153,3.0018433933065394,6.977384684037546,0
2.284451044414139,2.5622500309087073,3.034758170536167,6.878806033668552,0
2.356939258148006,3.1157761616910475,2.946024031969064,6.920804858825714,0
2.635919549786935,2.7239149822869155,2.9221695274597685,7.038020732807215,0
2.3539266736565727,2.4744164817038468,3.019584525509768,7.039290007932542,0
2.543291717916395,2.3088919118799147,2.9021627222384967,7.021272878089248,0
2.5091143679807626,2.1787107359484854,3.0408252755714473,6.951651192843539,0
2.3696799304788367,2.5406927271734445,2.829741639576216,6.997614432192901,0
2.9287888178650654,2.348729850943139,3.1029155637325645,6.999819873045472,0
2.626783804463602,2.215549258080465,3.0472597482413044,6.942081765540373,0
2.0949714826684787,2.3706854231514947,3.0256029734313876,7.075169915088358,0
2.5372908629538857,2.283690399277121,3.0982690983945513,7.043868114528784,0
2.3676427070463224,2.837428327014513,3.1665474444462576,6.988951791308517,0
2.6704866669592446,2.67632795138989,3.101437006501813,7.001344291949726,0
2.34149585231346,2.4984054717366764,2.8159125768668356,7.010419140397378,0
2.4770527117066203,2.795988827778005,2.8720423033264297,6.897913256578786,0
2.6009974557960915,2.5154736615295237,2.937518142230432,6.98764113087397,0
2.6731510388340243,2.3277431597343474,3.0026091050210835,6.96590078760011,0
2.2599407185888447,2.8046248154539315,3.0517659020469123,6.949918999505254,0
2.43309975283181,2.607782008736932,2.9274256186846532,6.985944985355702,0
2.4050109377678086,2.2925507691347087,3.0186766764477078,7.089884326342476,0
2.3693341534852577,2.4619322643832784,2.9244617067646677,7.03204214306335,0
2.8530908480562194,2.3248763493230484,2.9388482197008052,6.97144105051086,0
2.5809963421921913,2.2234400538071326,2.859333890315178,7.0286291390678075,0
2.2198066309758007,1.7992640696643372,2.6556722152333276,6.229676770700077,1
2.077390104873831,1.9500586884826774,2.3897628567342935,6.5677875319530905,1
1.8178891109760522,1.1018793072285633,2.3363602233155385,6.434592431687258,1
1.6059189666883278,1.8122169709542715,2.4993251085178096,6.316936710314354,1
2.009466994084077,2.0683006977419875,2.465963075495014,6.551120259952498,1
1.9180456156265249,1.3371076943926383,2.409354390134545,6.637365854516296,1
2.0685579660083198,2.201771716051311,2.639277489491343,6.48625514853723,1
1.9905515405045908,1.8257057028098136,2.6910610417141023,6.595287454720294,1
2.1148658145958006,1.4884964432724772,2.5176813772583695,6.661227825798864,1
1.6394294365318296,1.6832692767026882,2.7955060162110525,6.631491445358405,1
2.1952182196902976,1.8674980737565168,2.271662177173299,6.663996452937139,1
1.85927988140772,1.7228016174237235,2.4612681081440564,6.574212749107189,1
2.4225782617875797,1.8616267977339107,2.356635535879439,6.507543363890159,1
1.5932436545731297,1.42379792207619,2.126692676585388,6.339803418810283,1
2.3207891409495747,1.7508082472108233,2.48346386283146,6.475393751187005,1
1.8593732350387944,1.275885650928506,2.4756504983233434,6.415675340468381,1
1.6045745989156655,1.66663218159539,2.8026899486484265,6.717094271749781,1
1.6548342497837036,1.428827707560563,2.6261623369109555,6.482411418756766,1
1.7038958075417039,1.4793410172230699,2.295162635134159,6.512320480678449,1
1.9272497839205749,2.070827952563131,2.870818513266838,6.555148537604047,1
1.9568506464106499,2.027393036178281,2.7442067391050706,6.504360244637246,1
1.6278899988184263,1.882741436272153,2.616419540693723,6.6695051040430755,1
1.7926936223217051,1.3723061705982262,2.4547031802300334,6.437735063826555,1
2.4426811075835593,1.6050774650915594,2.308112152655304,6.519460745523724,1
2.3182629510302135,2.063929309993755,2.4255586447857893,6.425752941430195,1
1.9308971009022096,1.7425150740919715,2.717749723940837,6.367997748877929,1
1.8114010434504602,2.3957988619945083,2.8769172611869216,6.438823090909471,1
1.8360093980154784,1.8179953518183116,2.808648705654438,6.4962963202951585,1
1.984055391819125,1.7576147349470095,2.402230115642745,6.457069777548274,1
1.4931622304404784,1.6072650607392496,2.276076513342198,6.430757902012615,1
1.7227870387729964,1.7400622714346847,2.528177249382241,6.359368253632817,1
1.2994247778367232,1.6542590490858369,2.1463121268874295,6.4916894427371306,1
1.9197669367815837,1.912432603006577,2.5646335428369564,6.3495279625969,1
1.9941587819108224,1.9870106950383752,2.470479482740266,6.57600559636896,1
1.6550440613101878,1.4642031618476152,2.4067926996263513,6.508243975293451,1
2.27219602898701,1.3006301139326666,2.1810593865466408,6.354244850053507,1
1.4322703010992976,1.149138388069011,2.602720021313943,6.469079092295013,1
1.360687535937054,1.8523973980737631,2.393459832067618,6.424784359440942,1
1.8673355455679916,1.3689900181478378,2.2660166328579425,6.5319174510419185,1
2.1141294907836463,1.054132822114255,1.9255475573436702,6.634045044602314,1
2.3051783074373606,1.8165735813592891,2.4944970189898727,6.312482753035425,1
1.662334721139318,2.447899855229837,2.854450319333949,6.511502607914742,1
2.1236042500293886,1.698178726538032,2.832251842909574,6.483986720443336,1
1.7884474591497879,1.9515472323354925,2.4085807486827457,6.567134007645047,1
1.7482118100177542,1.7245488075642694,2.379557587927644,6.521319662823769,1
2.0650979812460015,1.6703331040426572,2.593754851215005,6.424803066826118,1
1.995696863524026,1.9757229448963305,2.3003229121623416,6.468094606433338,1
1.3270823529047253,1.6129176367434046,2.560358379963893,6.420397414319651,1
2.2429621049177686,1.7802176942215708,2.653216055676938,6.60760071385986,1
2.2140274062442353,1.796509341858804,2.7453866447768616,6.502131164867194,1
1.6123311895471413,1.4995728639070853,2.4799691847040095,6.690119068575301,1
1.9187410600312227,1.9976127048609569,2.4592652499646066,6.493933918618538,1
1.9482090558848217,1.6475120729913773,2.324403482648688,6.429159323308954,1
1.8782021297471723,1.4732764521521466,2.334623929192028,6.348628560738717,1
1.634908453846374,1.860952953071121,2.4547042216196946,6.319686032374405,1
1.5985129896185846,1.4304596054626888,2.5734731013632355,6.341586405699451,1
1.7923337787025664,1.7084543472107385,2.68271692524665,6.526712665101148,1
2.1518187057778095,1.697264301006739,2.339364209863931,6.550872502322993,1
1.9630800463783298,2.0257686697494734,2.7985377137919043,6.341880929796787,1
1.6888157003741682,1.842409469863986,2.4457752797914862,6.589503831407612,1
2.0315096131945034,1.6924919123764568,2.495726541130313,6.4516938948316565,1
0.9454372138109775,1.9453298897600861,2.3505576641704353,6.514679301198555,1
2.144629710111631,2.117062264705194,2.0151519479454114,6.6612220628255425,1
1.2780858663665702,1.8673430919055587,2.67680907927221,6.589683931586553,1
1.6912677175790605,1.703105785953014,2.647368779418487,6.473146935209416,1
1.464099031612157,1.3064491302949521,2.4437344885763572,6.4108807774584715,1
1.4115955572837282,1.3804659010773883,2.5133981434449746,6.284818459867069,1
2.148248036213556,1.6084325886935997,2.60318784354082,6.428084668075758,1
1.6596896396064327,1.517146339352215,2.1874908286226913,6.478886976117231,1
1.9039511645192149,1.6439086091043662,2.394189464530741,6.401282047284882,1
1.785923826336245,1.7169949774691322,2.6588529359243656,6.48687430329077,1
1.9431122481669365,1.8589078263070191,2.24914211536615,6.507685188295877,1
1.8230465673180767,1.6788503665822725,2.5587115864333256,6.477514401819192,1
1.4151023327434291,1.8459504931478605,2.228683639075319,6.434999741917654,1
2.098880045834142,1.719342324443036,2.5932859964867054,6.516865467196673,1
1.6518730250516063,1.1073600300938384,2.4928717035405032,6.544194064956941,1
1.3330254304020748,1.4181993818543737,2.1769736368188983,6.390960092255716,1
1.6715654517102263,1.6567737332835153,2.7329478708914343,6.641093237974627,1
2.250227937190293,1.3370915771476677,2.35308168464039,6.490141186771574,1
2.055066522634048,1.8799786189988612,2.337949512597124,6.5018849622944845,1
1.6954043596776422,2.159225249703109,2.5401138394461884,6.570821442325656,1
1.6952226887044715,2.065628555509195,2.729727469885743,6.52332161312635,1
1.7035094846347854,1.6359671387209376,2.2968356362043205,6.595313663391325,1
2.423024395068252,2.1472178410549856,2.512335969969594,6.528712416520182,1
1.9145806356694661,1.7446002371606335,2.5857633000661147,6.438756262535956,1
1.929012494157321,1.5988742086645882,2.638621121452629,6.53615035252061,1
2.1090850362095526,1.515979200937718,2.535288311055445,6.385627379267934,1
1.871636747707954,1.6092590940535614,2.4265944321833355,6.510855970577652,1
1.722287356253789,1.5835469544376313,2.334481955870256,6.496677000935554,1
1.7410950452745066,1.7511248667126462,2.517228776609275,6.479188314272746,1
1.7785196221757809,1.7481721943149593,2.2855721976028787,6.487146248856107,1
1.7888333290470475,1.7009138060460243,1.9157299033010786,6.311815095450236,1
2.018288863091094,1.8310814509239048,2.5873119608315336,6.4451275092259035,1
1.8155837657421898,2.0571938824359024,2.680786968217239,6.509284490114111,1
2.019792023164674,1.9848662406323971,2.0274135128916324,6.51598563919974,1
1.7757850259674253,1.254530609465029,2.2980538590580126,6.397232485907404,1
1.8235905570948272,0.9338236595294135,2.6238308522010394,6.6265707840864705,1
1.2005397946403678,1.980295973371782,2.9114990939423397,6.41338251517855,1
2.0748983024107446,1.2899363904753736,2.5041587415350817,6.596945720052673,1
1.9039465427693978,1.6325703794321949,2.354399411754173,6.542719436187168,1
2.0994030329578957,1.348966092182192,2.463420711779032,6.4353772690156195,1
0.9311233865418933,1.159405868725994,2.774975283829637,6.677531089260952,1
2.426512411434218,1.8624388184614364,2.3708071641750927,6.380636316824352,1
1.758123111553448,1.927746548090794,2.3401615986699493,6.591915417361,1
2.132454845021255,1.527046879781984,2.4034512955635936,6.600058231804298,1
1.4880282218623408,0.922687312356527,2.3093342783482576,6.432937979092335,1
1.983832171518771,1.5361266655242551,2.524534063198959,6.6392465300064325,1
1.4839753310479031,1.817541201620764,2.824935691693912,6.474995348540105,1
1.6128693117912585,1.2563265293677612,2.564615854623206,6.528869362927986,1
2.374209406160036,1.7550079759337467,2.4495292995747424,6.526032183877122,1
1.742795279770996,1.6954070452481014,2.441637746216891,6.486569125852945,1
1.865229861953917,1.8737874498803264,2.1873618382606685,6.581080827315978,1
2.0610203192066265,1.735874110524246,2.676621955429432,6.579348872055221,1
1.9487045663917815,1.4080793177355333,2.4844325605974396,6.325146802676182,1
1.845125671543073,2.0589714504993473,2.463904017281875,6.6304340242878155,1
1.9094883007398677,1.652441128091909,3.1386215135689723,6.333750801196433,1
2.5210246755714825,1.6918086381470203,2.5597505816731374,6.603254620434166,1
1.7827143608899245,1.420019612278041,2.349641789980963,6.612670513682758,1
1.8603297140144903,1.567015324642547,2.414728480758891,6.39090335697848,1
2.1151963188022838,1.4345591857919298,2.729689141839351,6.458918571204541,1
2.1316577798873952,1.648116182022973,2.522654082107553,6.389429533151406,1
2.1561090916681143,2.213512544042703,2.212344404336527,6.478507896971126,1
1.9916190666087554,1.288429657120593,2.6838457869150405,6.469196571581426,1
1.4570985261808551,1.2159315806369777,2.3663711828922014,6.577966053226934,1
2.290029459690329,2.1413510982480823,2.8746595552435092,6.631030874611961,1
1.4560963820943937,1.63720289685444,2.71600961314293,6.639568381078996,1
1.89079063957171,1.499278178402025,2.4105356208682496,6.44378319734217,1
1.5737172449941927,2.011971406218823,2.7562032723470224,6.4790778126255475,1
1.7807584960221023,1.5183153380789407,2.5135711021054807,6.331656180777905,1
1.8986287230910441,2.247802914064081,2.670554735024444,6.419412993350381,1
1.896407164635082,1.9033777614017806,2.596946563458895,6.596485163309746,1
1.9265762262705854,1.5536265775562892,2.330728669001825,6.661558282354823,1
2.284113380717594,2.347192463979651,2.3712900335365075,6.376565112812008,1
1.936060290454194,1.5182855230989984,2.7059921635162323,6.44075357408471,1
1.7267530094128054,1.922628611602792,2.433044933578692,6.497359424304108,1
2.0892261504865073,1.7897877741219475,2.4192703073516006,6.528016115881961,1
2.156841146677392,2.0905223868196394,2.3089754841301295,6.4190396480078356,1
1.4317176554589024,2.1684533590180557,2.584719813118692,6.542406104446409,1
1.9792200209549575,1.70960124471973,2.912504983848629,6.452616065292909,1
2.0103518226932695,1.473974638896145,2.2864934171491456,6.498554772912172,1
1.7107309489920024,1.8379916428817349,2.5048438913345517,6.55462842480037,1
2.212712043993486,1.496685389074368,2.7824441110830858,6.5006422269810935,1
1.754983323890242,2.304016174257987,2.484071721750857,6.456361410947343,1
1.8376729360414628,1.7409605993248212,2.5904743592499466,6.489039019607417,1
1.7480784527148392,1.5904035346063674,2.2875212943706242,6.491163704079466,1
1.8046737142744402,1.7554040917594724,2.5856614194415295,6.462998897011787,1
1.4711174739314394,1.295862113141091,2.4625711469990903,6.47412039373329,1
1.3679847352217118,1.4085157884468045,2.6971459991359725,6.659864717050472,1
2.278351518967492,2.0601241723833277,2.7374772103129503,6.556091944794124,1
1.5459115955045017,1.5029317163085811,3.017912728403723,6.470451968197084,1
1.502582295163108,1.385926705195418,2.6159266346427152,6.569695440451073,1
1.1539829659188856,1.8609958257581858,2.565159263316433,6.466618051024399,1
1.6083114756931494,2.055711246398899,2.538876860315467,6.617312463758664,1
1.4030730619777505,1.91568599319952,2.429366741437862,6.53696421921981,1
2.2926045480409107,1.998814305741745,2.5676967686923384,6.489269785599577,1
2.10294512680279,1.4729614734291618,2.440919717972194,6.544771692581028,1
1.5935548964466828,1.2734567999774469,2.5336921952539226,6.34291238479315,1
2.4757307416032925,2.150400095586646,2.763519507121592,6.387323253109019,1
2.0945296460974783,1.6031960483473593,2.2986914869440715,6.380607499360094,1
1.7025505849474134,1.6247500950634857,2.7279757122258093,6.51429430947637,1
1.0501782855379282,2.098458242554717,2.763423013467973,6.673251499948509,1
2.4872827717772226,1.866869002820198,2.476386294601784,6.723130014619263,1
1.3831282599709214,1.8367663316244822,2.075629020198281,6.5638051101440755,1
1.3063803759129327,2.349500703470325,2.3784356025811135,6.550084447494446,1
2.106771129602892,1.506944530885957,2.759398909312222,6.319894226584726,1
2.531925721901782,1.9783520384243711,2.4954263875402236,6.445732620026598,1
2.2152818455531555,1.7171039374691253,2.300139553541018,6.421221624809176,1
1.9691727360157079,1.780577683658977,2.3990450157543566,6.437915240174888,1
1.9784263024995858,2.1585405279237593,2.6681240053009105,6.483185618141521,1
2.0560246676340923,1.852350726886887,2.6093467136402757,6.452790942230287,1
2.0276785769360295,1.8614888237148899,2.452213580166061,6.3020700189624215,1
1.8843574271908128,2.0217522011929407,2.4266351176370624,6.574791025611753,1
1.8312603311855629,1.5905141811371344,2.4216483701912357,6.39272569742602,1
1.7812220616301433,1.448237099798298,2.3155179631002993,6.523924686411115,1
1.573810623339997,1.3865572417936898,2.8230751378938885,6.707408266974998,1
1.7157974769399678,1.1100930231871995,2.435535906157732,6.4080615408413575,1
1.2921129557413844,2.3168621389820965,2.7434317041650993,6.246971247725367,1
1.770498111961575,1.369037490283495,2.8042632103844904,6.471399577811989,1
1.503422667854725,1.6336239129242685,2.699662179629592,6.610095963499857,1
1.4689232048352687,1.6169560100333238,2.4136759374563903,6.69583474542206,1
1.8539682453460435,1.7922220093427301,2.580746018067322,6.3770450405547585,1
2.21760068590338,1.944721163761789,2.495160878721817,6.549669922323652,1
2.075494981800694,1.9581420465079236,2.3192596278539743,6.453468954321995,1
1.328849818913047,1.5250767684293185,2.5648718563443205,6.489405164569586,1
1.5031115590288988,1.6498634858640766,2.2641920417680397,6.764434334701703,1
2.082231356396465,1.7847739851464899,2.737535877692313,6.349702967160485,1
1.5052537819385072,1.625392662144936,2.4070765405403214,6.525373966149457,1
1.7326100550008927,2.182203672805998,2.540231931174568,6.546769317176543,1
1.9650156297073655,1.8472924854914754,2.5566575743092286,6.608578632493935,1
1.5094966635409095,1.9204633358149452,2.4482190052591846,6.50979831534709,1
1.831612651843788,1.8988643806002237,2.617338760295055,6.53080505395041,1
1.3997923515245387,2.0520421572455976,2.405019268675495,6.460835143257821,1
1.6195897068146359,1.754306467611112,2.6742594594914486,6.526912694124511,1
1.8959345802427612,1.310950415613246,2.23080406395065,6.465680772450259,1
1.3221018799404993,1.8199063855257924,2.5252759159092824,6.562157188985605,1
1.9321424213881198,1.5045929318624514,2.887785799811657,6.4630389663956365,1
1.7941086603219958,1.5414149954750729,2.299933735078885,6.537710039390219,1
1.9657469863251444,1.8759092056265279,2.3644510058950297,6.497073718631502,1
1.8671742402193985,2.0714849214300908,2.602781569931783,6.612605025077217,1
2.209242128992153,1.7063814730208184,2.5359163563879195,6.494860627641152,1
1.8375673507943722,1.792649903779689,2.570126019854712,6.3226967531793115,1
1.671178337662424,2.2106644833905715,2.5978374260295327,6.626192150071399,1
1.8366892509096853,1.7722259538465703,2.626944293712354,6.409426769913738,1
1.9629894087109163,2.4805049342541183,2.7219399683912444,6.434623366135118,1
1.8146580210977112,1.8696528936894632,2.5819637313857027,6.440433870595651,1
1.8121775073611648,1.1717711722532547,2.4517484690762914,6.637443809317082,1
1.5894024936579734,1.9260024863313596,2.6345147402405464,6.28643257860213,1
1.6011297247347156,1.8143475154648332,2.879976386979043,6.813774853366,1
1.379218418460092,2.0869258262248236,2.4734732507234853,6.6056056809066055,1
2.3248730229560817,1.9019544053809874,2.3050941390658717,6.522323891412916,1
1.4268410293826146,1.6584632048048678,2.7214161338573946,6.494510599938371,1
1.592128440661228,1.3327105291131902,2.4759237672092804,6.528555407485766,1
1.584477820329241,1.6372930228141924,2.0654660907971927,6.552112242837934,1
2.0684773130833323,1.4448438637372099,2.6694843354300843,6.564521558595006,1
1.7115150965123918,1.5258429650585832,2.3929343628092155,6.555560446600345,1
2.17432262180212,1.8765735213261827,2.4818933435391677,6.508958068125525,1
1.5979528127268394,2.2009713513054217,2.566396066113803,6.480266157969267,1
1.8836982486671405,1.8184014589468942,2.538099935955813,6.4848726716346485,1
1.549395884022073,1.3412350813894447,2.641890363427808,6.480509171964732,1
2.4435447383320166,1.8333808004660421,2.412902725886031,6.613377009686706,1
1.4437204742911462,2.0589894459936953,2.6026211596352167,6.559355672228087,1
1.8929462130681083,1.5170651287041852,2.4480906644832165,6.205961136533572,1
1.9901330642796295,1.6597948499981245,2.647762096177501,6.565590077652976,1
1.9241397292354496,1.704406458418759,2.623073496802611,6.519473619471878,1
1.7444137023366875,1.464530506075328,2.312912259591081,6.49812912435541,1
1.761053790079972,1.8944841301531576,2.7171964232350065,6.461148154691111,1
1.8131434415937329,1.6637155554176655,2.3928073109771906,6.612411271998601,1
1.7558993995114536,1.8258597331721083,2.661611559656229,6.594752646212286,1
2.089163735038473,1.43375234665937,2.573457462680268,6.422712233217639,1
2.463156900477405,1.5687625099029767,2.8676367353590244,6.540705228712453,1
1.6327524644976499,1.9167144073483313,2.4553068035256294,6.402834326545872,1
1.3890591061262767,1.5881500543724698,2.4301366407763605,6.362038183521107,1
1.7735153854946235,2.2180891553700217,2.4961160788224537,6.4373282775410035,1
2.5739128012962955,1.5801091443156192,2.439364043433145,6.586239347238276,1
1.5588976296090808,1.7674054177255658,2.65998838038841,6.595312504537609,1
2.2917350416332205,1.979777249561927,2.1767378783126823,6.551308542009729,1
2.3033102442229323,1.2744902801200904,2.2892635161707293,6.5725095786848,1
1.6339235274876016,1.171757356405767,2.2864394156841614,6.551617828711496,1
1.9706949237555826,1.2423031056289715,2.690061518394715,6.435851840477705,1
2.2885189869385614,2.0787752310281546,2.8421226745163852,6.543192254467394,1
1.686261677703754,1.5344425562322659,2.4791101562925055,6.5800409525227685,1
1.7389258919692916,2.4674597857004756,2.4662356553619977,6.575429132981357,1
1.625495725815407,1.5307257204027833,2.5140104326226362,6.618891337147464,1
1.49557298079214,1.7553653909591111,2.732375660521638,6.570830384720106,1
1.605216736480198,2.1626329857703626,2.3145293731618852,6.535144820754159,1
1.4328179199713231,2.301827866447737,2.547673796546957,6.607015023831643,1
1.8102250404777678,2.318451072990919,2.695039525956486,6.497347874075094,1
1.5690080306824075,2.0625098691779424,2.6002188339879693,6.411812534877228,1
1.8701357735372244,2.0072187577434386,2.537916323319749,6.483693303605624,1
1.3332313061389118,1.8777580847603548,2.7002092185134283,6.425509735519355,1
